<?xml version="1.0" encoding="UTF-8"?>
<project-private xmlns="http://www.netbeans.org/ns/project-private/1">
    <editor-bookmarks xmlns="http://www.netbeans.org/ns/editor-bookmarks/2" lastBookmarkId="0"/>
    <open-files xmlns="http://www.netbeans.org/ns/projectui-open-files/2">
        <group name="etn07"/>
        <group/>
        <group name="01_Alessandro">
            <file>file:/home/gamboa/projetos/picsimlab/examples/unpacked/board_4/PIC18F4550/espmsim_test/src/esp_server.X/esp_server.c</file>
        </group>
    </open-files>
</project-private>
