<?xml version="1.0" encoding="UTF-8"?>
<project-private xmlns="http://www.netbeans.org/ns/project-private/1">
    <editor-bookmarks xmlns="http://www.netbeans.org/ns/editor-bookmarks/2" lastBookmarkId="0"/>
    <open-files xmlns="http://www.netbeans.org/ns/projectui-open-files/2">
        <group name="etn07"/>
        <group name="etn07_02"/>
        <group name="sdm_2018"/>
        <group name="01_Alessandro">
            <file>file:/home/gamboa/MPLABXProjects/cefet/esp_server.X/bibliotecas.X/itoa.c</file>
            <file>file:/home/gamboa/MPLABXProjects/cefet/esp_server.X/bibliotecas.X/itoa.h</file>
        </group>
    </open-files>
</project-private>
