<?xml version="1.0" encoding="UTF-8"?>
<project-private xmlns="http://www.netbeans.org/ns/project-private/1">
    <editor-bookmarks xmlns="http://www.netbeans.org/ns/editor-bookmarks/2" lastBookmarkId="0"/>
    <open-files xmlns="http://www.netbeans.org/ns/projectui-open-files/2">
        <group name="sdm_2018">
            <file>file:/home/gamboa/MPLABXProjects/picsimlab/pcd8544.X/spi.h</file>
            <file>file:/home/gamboa/MPLABXProjects/picsimlab/pcd8544.X/pcd8544.h</file>
            <file>file:/home/gamboa/MPLABXProjects/picsimlab/pcd8544.X/main.c</file>
        </group>
        <group name="picsimlab"/>
    </open-files>
</project-private>
